Spain,Portugues
ser,ser
estar,estar
tener,ter
hacer,fazer
ir,ir
poder,poder
decir,dizer
querer,querer
saber,saber
dar,dar
ver,ver
venir,vir
haber,haver
deber,dever
poner,colocar
parecer,parecer
quedar,ficar
creer,acreditar
hablar,falar
llevar,levar
dejar,deixar
seguir,seguir
encontrar,encontrar
llamar,chamar
pensar,pensar
salir,sair
volver,voltar
tomar,tomar
conocer,conhecer
vivir,viver
sentir,sentir
mirar,olhar
esperar,esperar
buscar,procurar
entrar,entrar
trabajar,trabalhar
escribir,escrever
leer,ler
comer,comer
beber,beber
dormir,dormir
comprar,comprar
ayudar,ajudar
jugar,jogar
caminar,caminhar
correr,correr
aprender,aprender
entender,entender
porque,porque
cuando,quando
donde,onde
quien,quem
como,como
cuanto,quanto
pero,mas
aunque,embora
siempre,sempre
nunca,nunca
quizás,talvez
ahora,agora
después,depois
antes,antes
aquí,aqui
allí,ali
cerca,perto
lejos,longe
arriba,em cima
abajo,em baixo
hombre,homem
mujer,mulher
niño,criança
padre,pai
madre,mãe
hermano,irmão
hermana,irmã
abuelo,avô
abuela,avó
amigo,amigo
familia,família
gente,gente
persona,pessoa
tiempo,tempo
año,ano
mes,mês
semana,semana
día,dia
hora,hora
mañana,manhã
tarde,tarde
noche,noite
hoy,hoje
ayer,ontem
mañana,amanhã
cosa,coisa
casa,casa
puerta,porta
ventana,janela
mesa,mesa
silla,cadeira
cama,cama
cocina,cozinha
baño,banheiro
llave,chave
teléfono,telefone
computadora,computador
libro,livro
papel,papel
bolígrafo,caneta
ropa,roupa
zapatos,sapatos
dinero,dinheiro
bolsa,bolsa
carro,carro
bicicleta,bicicleta
comida,comida
agua,água
pan,pão
leche,leite
café,café
fruta,fruta
cuerpo,corpo
cabeza,cabeça
mano,mão
pie,pé
brazo,braço
pierna,perna
ojo,olho
boca,boca
corazón,coração
sangre,sangue
grande,grande
pequeño,pequeno
bueno,bom
malo,mau
bello,belo
hermoso,lindo
feo,feio
fácil,fácil
difícil,difícil
nuevo,novo
viejo,velho
joven,jovem
rico,rico
pobre,pobre
feliz,feliz
triste,triste
alegre,alegre
enfadado,zangado
cansado,cansado
enfermo,doente
fuerte,forte
débil,fraco
limpio,limpo
sucio,sujo
rápido,rápido
lento,lento
claro,claro
oscuro,escuro
duro,duro
blando,mole
pesado,pesado
ligero,leve
ancho,largo
estrecho,estreito
alto,alto
bajo,baixo
largo,comprido
corto,curto
lleno,cheio
vacío,vazio
abierto,aberto
cerrado,fechado
caliente,quente
frío,frio
derecha,direita
izquierda,esquerda
ciudad,cidade
pueblo,vila
calle,rua
plaza,praça
parque,parque
edificio,edifício
puente,ponte
escuela,escola
universidad,universidade
hospital,hospital
iglesia,igreja
mercado,mercado
tienda,loja
banco,banco
restaurante,restaurante
hotel,hotel
cine,cinema
teatro,teatro
museo,museu
biblioteca,biblioteca
aeropuerto,aeroporto
estación,estação
puerto,porto
playa,praia
mar,mar
río,rio
lago,lago
montaña,montanha
bosque,floresta
campo,campo
cielo,céu
sol,sol
luna,lua
estrella,estrela
nube,nuvem
lluvia,chuva
nieve,neve
viento,vento
fuego,fogo
tierra,terra
aire,ar
luz,luz
sombra,sombra
animal,animal
perro,cão
gato,gato
caballo,cavalo
vaca,vaca
pájaro,pássaro
pez,peixe
árbol,árvore
flor,flor
planta,planta
hierba,erva
fruta,fruta
verdura,verdura
carne,carne
arroz,arroz
pan,pão
huevo,ovo
queso,queijo
azúcar,açúcar
sal,sal
aceite,azeite
vino,vinho
cerveza,cerveja
desayuno,pequeno-almoço
almuerzo,almoço
cena,jantar
trabajo,trabalho
oficina,escritório
jefe,chefe
empleado,empregado
negocio,negócio
dinero,dinheiro
precio,preço
coste,custo
pago,pagamento
compra,compra
venta,venda
cuenta,conta
tarjeta,cartão
bolsa,bolsa
viaje,viagem
maleta,mala
pasaporte,passaporte
boleto,bilhete
vacaciones,férias
mundo,mundo
país,país
nación,nação
gobierno,governo
ley,lei
justicia,justiça
paz,paz
guerra,guerra
ejército,exército
soldado,soldado
policía,polícia
peligro,perigo
seguridad,segurança
ayuda,ajuda
regalo,presente
fiesta,festa
música,música
canción,canção
baile,dança
deporte,desporto
fútbol,futebol
pelota,bola
juego,jogo
juguete,brinquedo
médico,médico
enfermero,enfermeiro
dentista,dentista
profesor,professor
estudiante,estudante
abogado,advogado
ingeniero,engenheiro
arquitecto,arquiteto
policía,polícia
bombero,bombeiro
cartero,carteiro
conductor,motorista
piloto,piloto
cocinero,cozinheiro
camarero,garçom
artista,artista
actor,ator
actriz,atriz
cantante,cantor
escritor,escritor
periodista,jornalista
carpintero,carpinteiro
pintor,pintor
jardinero,jardineiro
veterinario,veterinário
amor,amor
odio,ódio
miedo,medo
rabia,raiva
tristeza,tristeza
alegría,alegria
sorpresa,surpresa
vergüenza,vergonha
culpa,culpa
orgullo,orgulho
confianza,confiança
esperanza,esperança
paciencia,paciência
aburrimiento,tédio
sueño,sonho
color,cor
blanco,branco
negro,preto
gris,cinza
rojo,vermelho
azul,azul
verde,verde
amarillo,amarelo
naranja,laranja
rosa,rosa
morado,roxo
marrón,marrom
dorado,dourado
plateado,prata
computadora,computador
pantalla,tela
teclado,teclado
ratón,mouse
impresora,impressora
internet,internet
correo,e-mail
contraseña,senha
archivo,arquivo
red,rede
móvil,celular
teléfono,telefone
batería,bateria
cargador,carregador
cámara,câmera
televisión,televisão
radio,rádio
sonido,som
vídeo,vídeo
foto,foto
ciencia,ciência
tecnología,tecnologia
espacio,espaço
universo,universo
planeta,planeta
herramienta,ferramenta
máquina,máquina
motor,motor
rueda,roda
vidrio,vidro
plástico,plástico
metal,metal
madera,madeira
papel,papel
cartón,papelão
piedra,pedra
arena,areia
polvo,poeira
salud,saúde
enfermedad,doença
dolor,dor
fiebre,febre
gripe,gripe
tos,tosse
herida,ferida
sangre,sangue
pastilla,comprimido
vacuna,vacina
cuerpo,corpo
piel,pele
hueso,osso
músculo,músculo
cerebro,cérebro
pulmón,pulmão
estómago,estômago
cuello,pescoço
hombro,ombro
espalda,costas
pecho,peito
cintura,cintura
rodilla,joelho
tobillo,tornozelo
dedo,dedo
uña,unha
despertar,acordar
levantar,levantar
duchar,tomar banho
lavar,lavar
limpiar,limpar
cocinar,cozinhar
almorzar,almoçar
cenar,jantar
descansar,descansar
pasear,passear
viajar,viajar
conducir,dirigir
volar,voar
nadar,nadar
saltar,saltar
cantar,cantar
bailar,dançar
reír,rir
llorar,chorar
sonreír,sorrir
gritar,gritar
escuchar,ouvir
oír,escutar
tocar,tocar
sentir,sentir
oler,cheirar
probar,provar
ayudar,ajudar
compartir,compartilhar
regalar,presentear
enviar,enviar
recibir,receber
vender,vender
gastar,gastar
ahorrar,economizar
perder,perder
ganar,ganhar
lograr,conseguir
intentar,tentar
empezar,começar
terminar,terminar
parar,parar
continuar,continuar
cambiar,mudar
mejorar,melhorar
empeorar,piorar
romper,quebrar
arreglar,consertar
sociedad,sociedade
gobierno,governo
estado,estado
pueblo,povo
ciudadano,cidadão
derecho,direito
ley,lei
justicia,justiça
libertad,liberdade
igualdad,igualdade
paz,paz
guerra,guerra
voto,voto
elección,eleição
política,política
presidente,presidente
congreso,congresso
seguridad,segurança
crimen,crime
prisión,prisão
juez,juiz
ejército,exército
soldado,soldado
frontera,fronteira
bandera,bandeira
idioma,idioma
cultura,cultura
historia,história
futuro,futuro
pasado,passado
presente,presente
éxito,sucesso
fracaso,fracasso
error,erro
verdad,verdade
mentira,mentira
secreto,segredo
suerte,sorte
destino,destino
vida,vida
muerte,morte
nacimiento,nascimento
empresa,empresa
oficina,escritório
reunión,reunião
contrato,contrato
salario,salário
empleo,emprego
huelga,greve
jubilación,aposentadoria
dinero,dinheiro
moneda,moeda
billete,nota
moneda,moeda
banco,banco
cuenta,conta
ahorro,poupança
inversión,investimento
deuda,dívida
impuesto,imposto
mercado,mercado
negocio,negócio
comercio,comércio
fábrica,fábrica
industria,indústria
producto,produto
calidad,qualidade
cantidad,quantidade
número,número
forma,forma
tamaño,tamanho
peso,peso
medida,medida
espacio,espaço
tiempo,tempo
momento,momento
época,época
siglo,século
década,década
etapa,etapa
fase,fase
orden,ordem
caos,caos
sistema,sistema
método,método
plan,plano
proyecto,projeto
objetivo,objetivo
meta,meta
resultado,resultado
efecto,efeito
causa,causa
motivo,motivo
razón,razão
duda,dúvida
opinión,opinião
consejo,conselho
ayuda,ajuda
apoyo,apoio
respeto,respeito
honor,honra
culpa,culpa
miedo,medo
valor,valor
precio,preço
oferta,oferta
demanda,demanda
beneficio,benefício
pérdida,perda
ganancia,ganho
seguro,seguro
riesgo,risco
peligro,perigo
suerte,sorte
esfuerzo,esforço
trabajo,trabalho
tarea,tarefa
deber,dever
responsabilidad,responsabilidade
permiso,permissão
prohibición,proibição
regla,regra
norma,norma
acuerdo,acordo
trato,trato
unión,união
división,divisão
grupo,grupo
equipo,equipa
miembro,membro
socio,sócio
compañero,companheiro
vecino,vizinho
extranjero,estrangeiro
turista,turista
viajero,viajante
camino,caminho
ruta,rota
mapa,mapa
dirección,direção
norte,norte
sur,sul
este,este
oeste,oeste
derecha,direita
izquierda,esquerda
centro,centro
esquina,esquina
sitio,sítio/lugar
lugar,lugar
parte,parte
todo,todo
nada,nada
algo,algo
alguien,alguém
nadie,ninguém
alguna vez,alguma vez
nunca,nunca
siempre,sempre
a veces,às vezes
quizás,talvez
claro,claro
seguro,seguro
obvio,óbvio
cierto,certo
falso,falso
posible,possível
imposible,impossível
capaz,capaz
incapaz,incapaz
útil,útil
inútil,inútil
importante,importante
necesario,necessário
urgente,urgente
común,comum
raro,raro
extraño,estranho
especial,especial
general,geral
lunes,segunda-feira
martes,terça-feira
miércoles,quarta-feira
jueves,quinta-feira
viernes,sexta-feira
sábado,sábado
domingo,domingo
enero,janeiro
febrero,fevereiro
marzo,março
abril,abril
mayo,maio
junio,junho
julio,julho
agosto,agosto
septiembre,setembro
octubre,outubro
noviembre,novembro
diciembre,dezembro
primavera,primavera
verano,verão
otoño,outono
invierno,inverno
cero,zero
uno,um
dos,dois
tres,três
cuatro,quatro
cinco,cinco
seis,seis
siete,sete
ocho,oito
nueve,nove
diez,dez
once,onze
doce,doze
trece,treze
catorce,catorze
quince,quinze
veinte,vinte
treinta,trinta
cuarenta,quarenta
cincuenta,cinquenta
sesenta,sessenta
setenta,setenta
ochenta,oitenta
noventa,noventa
cien,cem
mil,mil
millón,milhão
primero,primeiro
segundo,segundo
tercero,terceiro
último,último
desayuno,café da manhã
almuerzo,almoço
cena,jantar
merienda,lanche
pan,pão
arroz,arroz
frijoles,feijão
carne,carne
pollo,frango
pescado,peixe
huevo,ovo
ensalada,salada
fruta,fruta
manzana,maçã
plátano,banana
naranja,laranja
uva,uva
verdura,verdura
patata,batata
tomate,tomate
cebolla,cebola
ajo,alho
sal,sal
azúcar,açúcar
aceite,óleo/azeite
vinagre,vinagre
leche,leite
queso,queijo
mantequilla,manteiga
yogur,iogurte
agua,água
jugo,suco
refresco,refrigerante
té,chá
café,café
cerveza,cerveja
vino,vinho
postre,sobremesa
dulce,doce
helado,sorvete
galleta,biscoito/bolacha
pastel,bolo
clima,clima
tiempo,tempo
calor,calor
frío,frio
sol,sol
nube,nuvem
nublado,nublado
lluvia,chuva
llover,chover
nieve,neve
nevar,nevar
viento,vento
tormenta,tempestade
trueno,trovão
relámpago,relâmpago
niebla,nevoeiro
humedad,umidade
seco,seco
grado,grau
temperatura,temperatura
estación,estação
aire,ar
oxígeno,oxigênio
naturaleza,natureza
paisaje,paisagem
montaña,montanha
valle,vale
desierto,deserto
selva,selva
océano,oceano
ola,onda
arena,areia
piedra,pedra
metal,metal
oro,ouro
plata,prata
hierro,ferro
cobre,cobre
plástico,plástico
vidrio,vidro
madera,madeira
papel,papel
cuero,couro
algodón,algodão
seda,seda
lana,lã
fino,fino
grueso,grosso
suave,suave
áspero,áspero
brillante,brilhante
mate,fosco
recto,reto
curvo,curvo
redondo,redondo
cuadrado,quadrado
triangular,triangular
profundo,profundo
superficial,superficial
pesado,pesado
ligero,leve
antiguo,antigo
moderno,moderno
caro,caro
barato,barato
gratis,grátis
herramienta,ferramenta
martillo,martelo
clavo,prego
tornillo,parafuso
destornillador,chave de fenda
llave inglesa,chave inglesa
tijeras,tesoura
pegamento,cola
cinta,fita
cuerda,corda
balde,balde
escoba,vassoura
trapo,pano
aspiradora,aspirador
plancha,ferro de passar
lavadora,máquina de lavar
secadora,secadora
lavavajillas,lava-louças
microondas,micro-ondas
horno,forno
estufa,fogão
nevera,geladeira
congelador,congelador
grifo,torneira
espejo,espelho
cuadro,quadro
alfombra,tapete
cortina,cortina
almohada,travesseiro
manta,cobertor
sábana,lençol
toalla,toalha
jabón,sabão
champú,shampoo
cepillo,escova
peine,pente
pasta de dientes,pasta de dente
esponja,esponja
maquillaje,maquiagem
perfume,perfume
joya,joia
anillo,anel
collar,colar
pulsera,pulseira
reloj,relógio
gafas,óculos
paraguas,guarda-chuva
bolsillo,bolso
botón,botão
cremallera,zíper
hilo,fio/linha
aguja,agulha
tela,tecido
cuero,couro
lana,lã
algodón,algodão
seda,seda
hierro,ferro
acero,aço
oro,ouro
plata,prata
cobre,cobre
aluminio,alumínio
plástico,plástico
vidrio,vidro
cartón,papelão
arena,areia
barro,barro
piedra,pedra
gasolina,gasolina
aceite,óleo
carbón,carvão
energía,energia
electricidad,eletricidade
fuerza,força
velocidad,velocidade
distancia,distância
peso,peso
altura,altura
profundidad,profundidade
superficie,superfície
volumen,volume
espacio,espaço
forma,forma
círculo,círculo
cuadrado,quadrado
triángulo,triângulo
línea,linha
punto,ponto
ángulo,ângulo
apagar,desligar
encender,ligar
subir,subir
bajar,descer
entrar,entrar
salir,sair
abrir,abrir
cerrar,fechar
romper,quebrar
arreglar,consertar
limpiar,limpar
ensuciar,sujar
