Unnamed: 0,English,Portugues
0,the,o
1,I,EU
2,to,para
3,and,e
4,a,um
5,of,de
6,was,era
7,he,ele
9,it,isto
10,in,em
11,her,dela
12,she,ela
13,that,que
14,my,meu
15,his,dele
16,me,meu
17,on,sobre
18,with,com
19,at,no
20,as,como
21,had,tive
22,for,para
23,but,mas
24,him,ele
26,be,ser
27,up,acima
28,out,fora
29,look,olhar
30,so,então
31,have,ter
32,what,o que
33,not,não
34,just,apenas
35,like,como
36,go,ir
37,they,eles
38,is,é
39,this,esse
40,from,de
41,all,todos
42,we,nós
43,were,eram
44,back,voltar
45,do,fazer
46,one,um
47,about,sobre
48,know,saber
49,if,se
50,when,quando
51,get,pegar
52,then,então
53,into,em
54,would,seria
55,no,não
56,there,lá
57,I'm,Eu sou
58,could,poderia
59,don't,não
60,ask,perguntar
61,down,abaixo
62,time,tempo
63,didn't,não
64,want,querer
65,eye,olho
66,them,eles
67,over,sobre
68,your,seu
69,are,são
70,or,ou
71,been,estive
72,now,agora
73,an,um
74,by,por
75,think,pensar
76,see,ver
77,hand,mão
78,it's,isso é
79,say,dizer
80,how,como
81,around,em volta
82,head,cabeça
83,did,fez
84,well,bem
85,before,antes
86,off,desligado
87,who,Quem
88,more,mais
89,even,até
90,turn,vez
91,come,vir
92,smile,sorriso
93,way,caminho
94,really,realmente
95,can,pode
96,face,face
97,other,outro
98,some,alguns
99,right,certo
100,their,deles
101,only,apenas
102,walk,andar
103,make,fazer
104,got,pegou
105,try,tentar
106,something,algo
107,room,sala
108,again,de novo
109,thing,coisa
110,after,depois
111,still,ainda
112,thought,pensamento
113,door,porta
114,here,aqui
115,too,também
116,little,pequeno
117,because,porque
118,why,por que
119,away,ausente
120,let,deixar
121,take,pegar
122,two,dois
123,start,começar
124,good,bom
125,where,onde
126,never,nunca
127,through,através
128,day,dia
129,much,muito
130,tell,dizer
131,wasn't,não era
132,girl,garota
133,feel,sentir
134,oh,oh
135,you're,você é
136,call,chamar
137,talk,falar
138,will,vai
139,long,longo
140,than,que
141,us,nós
142,made,feito
143,friend,amigo
144,knew,sabia
145,open,abrir
146,need,precisar
147,first,primeiro
148,which,qual
149,people,pessoas
150,that's,isso é
151,went,foi
152,sure,claro
153,seem,parecer
154,stop,parar
155,voice,voz
156,very,muito
157,felt,sentido
158,took,pegou
159,our,nosso
160,pull,puxar
161,laugh,rir
162,man,homem
163,okay,OK
164,close,fechar
165,any,qualquer
166,came,veio
167,told,contado
168,love,amor
169,watch,assistir
170,arm,braço
171,anything,qualquer coisa
172,I'll,Doente
173,though,no entanto
174,put,colocar
175,left,esquerda
176,work,trabalhar
177,guy,cara
178,hair,cabelo
179,couldn't,não poderia
180,yeah,sim
181,while,enquanto
182,mean,significar
183,home,lar
184,few,alguns
185,saw,serra
186,place,lugar
187,school,escola
188,help,ajuda
189,wait,espere
190,late,tarde
191,year,ano
192,can't,não pode
193,house,casa
194,happen,acontecer
195,last,durar
196,always,sempre
197,move,mover
198,old,velho
199,night,noite
200,nod,acenar
201,life,vida
202,give,dar
203,sit,sentar
204,stare,olhar fixo
205,sat,sentado
206,should,deve
207,moment,momento
208,another,outro
209,behind,atrás
210,side,lado
211,sound,som
212,once,uma vez
213,find,encontrar
214,toward,na direção
215,boy,garoto
216,ever,sempre
217,nothing,nada
218,front,frente
219,mother,mãe
220,name,nome
221,am,sou
222,since,desde
223,reply,responder
224,he's,ele é
225,myself,eu mesmo
226,leave,deixar
227,bed,cama
228,new,novo
229,car,carro
230,use,usar
231,mind,mente
232,maybe,talvez
233,has,tem
234,heard,ouviu
235,answer,responder
236,minute,minuto
237,yes,sim
238,until,até
239,both,ambos
240,found,encontrado
241,end,fim
242,small,pequeno
243,I'd,Eu ia
244,word,palavra
245,someone,alguém
246,same,mesmo
247,enough,suficiente
248,began,começou
249,run,correr
250,bit,pedaço
251,sigh,suspirar
252,each,cada
253,those,aqueles
254,almost,quase
255,against,contra
256,everything,tudo
257,most,maioria
258,thank,agradecer
259,wouldn't,não faria
260,mom,mãe
261,better,melhorar
262,play,jogar
263,I've,Eu tenho
264,own,ter
265,every,todo
266,hard,duro
267,remember,lembrar
268,three,três
269,stood,permaneceu
270,live,ao vivo
271,stand,ficar
272,second,segundo
273,sorry,desculpe
274,keep,manter
275,finally,finalmente
276,point,apontar
277,gave,deu
278,already,já
279,actually,na verdade
280,probably,provavelmente
281,himself,ele mesmo
282,big,grande
283,everyone,todos
284,guess,adivinhar
285,lot,muito
286,step,etapa
287,hey,ei
288,hear,ouvir
289,light,luz
290,quickly,rapidamente
291,dad,pai
292,kiss,beijo
293,black,preto
294,pick,escolha
295,else,outro
296,soon,breve
297,shoulder,ombro
298,table,mesa
299,best,melhor
300,without,sem
301,notice,perceber
302,stay,ficar
303,care,cuidados
304,phone,telefone
305,reach,alcançar
306,realize,entender
307,follow,seguir
308,decide,decidir
309,kind,tipo
310,she's,ela é
311,grab,pegar
312,he'd,ele tinha
313,show,mostrar
314,inside,dentro
315,suddenly,de repente
316,father,pai
317,rest,descansar
318,herself,ela mesma
319,grin,sorriso
320,hour,hora
321,hope,ter esperança
322,also,também
323,body,corpo
324,might,poder
325,hadn't,não tinha
326,floor,chão
327,its,isso é
328,continue,continuar
329,ran,corrido
330,across,entre
331,hold,segurar
332,cry,chorar
333,half,metade
334,pretty,bonito
335,great,ótimo
336,course,curso
337,mouth,boca
338,class,aula
339,kid,criança
340,miss,perder
341,wonder,maravilha
342,morning,manhã
343,least,ao menos
344,nice,legal
345,dark,escuro
346,slowly,devagar
347,done,feito
348,change,mudar
349,doesn't,não
350,together,junto
351,yet,ainda
352,question,pergunta
353,anyway,de qualquer forma
354,bad,ruim
355,blue,azul
356,believe,acreditar
357,week,semana
359,lip,lábio
360,Mr.,Senhor.
361,sleep,dormir
362,fine,multar
363,what's,o que é
364,many,muitos
365,worry,preocupar
366,roll,rolar
367,parents,pais
368,under,sob
369,surprise,surpresa
370,water,água
371,onto,para
372,we're,eram
373,glance,olhar
374,wall,parede
375,between,entre
376,seen,visto
377,read,ler
378,window,janela
379,idea,ideia
380,white,branco
381,push,empurrar
382,feet,pés
383,must,deve
384,such,tal
385,seat,assento
386,set,definir
387,please,por favor
388,red,vermelho
389,brother,irmão
390,these,esses
391,whole,todo
392,lean,magro
393,part,papel
394,person,pessoa
395,slightly,um pouco
396,pass,passar
397,shook,sacudiu
398,fact,fato
399,wrong,errado
400,gone,perdido
401,far,distante
402,hit,bater
403,finger,dedo
404,quite,bastante
405,hate,odiar
406,meet,encontrar
407,finish,terminar
408,heart,coração
409,book,livro
410,past,passado
411,kill,matar
412,reason,razão
413,anyone,qualquer um
414,figure,figura
415,top,principal
416,along,junto
417,world,mundo
418,she'd,cabana
419,high,alto
420,shirt,camisa
421,does,faz
422,today,hoje
423,young,jovem
424,held,mantido
425,outside,fora
426,listen,ouvir
427,whisper,sussurrar
428,won't,não vai
429,happy,feliz
430,ground,chão
431,deep,profundo
432,drop,derrubar
433,shrug,encolher de ombros
434,dress,vestir
435,fell,caiu
436,there's,há
437,yell,gritar
438,breath,respiração
439,air,ar
440,tear,rasgar
441,sister,irmã
442,chair,cadeira
443,kitchen,cozinha
444,matter,matéria
445,hurt,ferir
446,fall,cair
447,wear,vestir
448,isn't,não é
449,woman,mulher
450,eat,comer
451,lie,mentira
452,hell,inferno
453,suppose,suponha
454,cover,cobrir
455,couple,casal
456,large,grande
457,either,qualquer
458,five,cinco
459,leg,perna
460,jump,pular
461,die,morrer
462,return,retornar
463,able,capaz
464,bag,bolsa
465,alone,sozinho
466,shut,fechar
467,stuff,coisa
468,short,curto
469,ready,preparar
470,understand,entender
471,kept,mantido
472,plan,plano
473,raise,elevação
474,street,rua
475,different,diferente
476,problem,problema
477,break,quebrar
478,line,linha
479,early,cedo
480,cut,corte
481,cold,frio
483,scream,gritar
484,instead,em vez de
485,stupid,estúpido
486,silence,silêncio
487,tree,árvore
488,caught,capturado
489,ear,orelha
490,food,comida
491,full,completo
492,four,quatro
493,cause,causa
494,fuck,Porra
495,explain,explicar
496,expect,esperar
497,fight,lutar
498,exactly,exatamente
499,sort,organizar
500,completely,completamente
501,men,homens
502,dance,dança
503,met,conheceu
504,story,história
505,whatever,qualquer que seja
506,build,construir
507,speak,falar
508,glass,vidro
509,pain,dor
510,check,verificar
511,glare,brilho
512,corner,canto
513,Mrs.,Sra.
514,chest,peito
515,hot,quente
516,rather,em vez de
517,month,mês
518,real,real
519,touch,tocar
520,park,parque
521,bring,trazer
522,they're,eles são
523,drink,bebida
524,ago,atrás
525,force,vigor
526,you've,você tem
527,fast,rápido
528,lost,perdido
529,attention,atenção
530,wish,desejar
531,mark,marca
532,wave,aceno
533,shout,gritar
534,fill,preencher
535,begin,começar
536,baby,bebê
537,interest,interesse
538,fun,diversão
539,green,verde
540,however,no entanto
541,cheek,bochecha
542,mine,meu
543,clear,claro
544,brown,marrom
545,forward,avançar
546,near,aproximar
547,picture,foto
548,may,poderia
549,cool,legal
550,drive,dirigir
551,hug,abraço
552,shake,sacudir
553,sense,senso
554,alright,tudo bem
555,you'll,você vai
556,dream,sonhar
557,hang,pendurar
558,clothes,roupas
559,act,agir
560,become,tornar-se
561,manage,gerenciar
562,meant,significou
563,game,jogo
564,ignore,ignorar
565,stair,escada
566,taken,levado
567,party,festa
568,add,adicionar
569,sometimes,às vezes
570,job,trabalho
571,ten,dez
572,shot,tomada
573,date,data
574,quiet,quieto
575,gaze,olhar
576,group,grupo
577,loud,alto
578,straight,direto
579,dead,morto
580,neck,pescoço
582,pause,pausa
583,number,número
584,conversation,conversa
585,chance,chance
586,we'll,bem
587,rose,rosa
588,quietly,silenciosamente
589,town,cidade
590,blood,sangue
591,color,cor
592,desk,mesa
593,dinner,jantar
594,hall,salão
595,horse,cavalo
596,music,música
597,brought,trouxe
598,piece,pedaço
599,anymore,não mais
600,beautiful,lindo
601,order,ordem
603,office,escritório
604,TRUE,verdadeiro
605,although,embora
606,warm,esquentar
607,easy,fácil
608,enter,digitar
609,perfect,perfeito
610,mutter,murmurar
611,softly,suavemente
612,cross,cruzar
613,shock,choque
614,smirk,sorriso irônico
615,damn,droga
616,soft,macio
617,stomach,estômago
618,snap,foto
619,spoke,falou
620,tire,pneu
621,box,caixa
622,catch,pegar
623,skin,pele
624,teacher,professor
625,middle,meio
626,note,observação
627,yourself,você mesmo
628,haven't,não têm
629,lunch,almoço
630,tomorrow,amanhã
631,breathe,respirar
632,clean,limpar
633,except,exceto
634,appear,aparecer
635,lock,trancar
636,knock,bater
637,bathroom,banheiro
638,movie,filme
639,agree,concordar
640,offer,oferecer
641,kick,chute
642,form,forma
643,confuse,confundir
644,lay,deitar
645,less,menos
646,calm,calma
647,slip,escorregar
648,weren't,não eram
649,sign,sinal
650,dog,cachorro
651,lift,elevador
652,immediately,imediatamente
653,arrive,chegar
654,deal,negócio
655,tonight,essa noite
656,usually,geralmente
657,case,caso
658,frown,franzir a testa
659,shop,comprar
660,scare,susto
662,mum,mãe
663,couch,sofá
664,pay,pagar
665,state,estado
666,shit,merda
667,wrap,enrolar
668,pocket,bolso
669,hello,olá
670,free,livre
671,huge,enorme
672,ride,andar de
673,bother,irmão
674,land,terra
675,known,conhecido
676,especially,especialmente
677,expression,expressão
678,carry,carregar
679,ring,anel
680,spot,ver
681,allow,permitir
682,several,diversos
683,aren't,não são
684,during,durante
685,empty,vazio
686,lady,senhora
687,eyebrow,sobrancelha
688,strange,estranho
689,coffee,café
690,road,estrada
691,threw,jogou
692,wide,largo
693,bus,ônibus
694,forget,esquecer
695,gotten,pego
696,smell,cheiro
697,fear,temer
698,press,imprensa
699,boyfriend,namorado
700,blonde,loiro
701,throw,lançar
702,round,redondo
703,sun,sol
704,tall,alto
705,glad,alegre
706,age,idade
707,write,escrever
708,upon,sobre
709,hide,esconder
710,became,tornou-se
711,crowd,multidão
712,rain,chuva
713,save,salvar
714,trouble,dificuldade
715,annoy,irritar
716,nose,nariz
717,weird,esquisito
718,death,morte
719,beat,bater
720,tone,tom
721,trip,viagem
722,six,seis
723,control,controlar
724,nearly,aproximadamente
725,consider,considerar
726,gonna,vai
727,join,juntar
728,learn,aprender
729,above,acima
730,hi,oi
731,obviously,obviamente
732,entire,inteiro
733,direction,direção
734,foot,pé
735,angry,nervoso
736,power,poder
737,strong,forte
738,quick,rápido
739,doctor,doutor
740,edge,borda
741,song,canção
742,asleep,dormindo
743,twenty,vinte
744,barely,por muito pouco
745,remain,permanecer
746,child,criança
747,enjoy,aproveitar
748,gun,pistola
749,slow,lento
750,city,cidade
751,broke,quebrado
752,key,chave
753,lead,liderar
754,throat,garganta
755,normal,normal
756,you'd,você faria
757,somewhere,em algum lugar
758,wake,acordar
759,pair,par
760,sky,céu
761,funny,engraçado
762,business,negócios
763,student,estudante
764,giggle,riso
765,bright,brilhante
766,admit,admitir
767,jeans,jeans
768,given,dado
769,children,crianças
770,store,loja
771,sweet,doce
772,low,baixo
773,climb,escalar
774,rub,esfregar
775,apartment,apartamento
776,knee,joelho
777,shoe,sapato
778,attack,ataque
779,bedroom,quarto
780,joke,piada
781,spent,gasto
782,situation,situação
783,stuck,preso
784,gently,suavemente
785,possible,possível
786,cell,célula
787,mention,menção
788,silent,silencioso
789,definitely,definitivamente
790,rush,correr
791,hung,pendurado
792,brush,escovar
793,perhaps,talvez
794,groan,gemido
795,ass,bunda
796,rock,pedra
797,card,cartão
798,lose,perder
799,blush,corar
800,besides,além do mais
801,crazy,louco
802,type,tipo
803,bore,furo
804,afraid,com medo
805,chase,perseguir
806,respond,responder
807,marry,casar
808,remind,lembrar
809,pack,pacote
810,daughter,filha
811,serious,sério
812,girlfriend,namorada
813,mad,louco
814,somehow,de alguma forma
815,buy,comprar
816,sent,enviado
817,tight,apertado
818,simply,simplesmente
819,trust,confiar
820,imagine,imaginar
821,wind,vento
822,chuckle,risada
823,bar,bar
824,pink,rosa
825,shove,empurrão
826,ball,bola
827,sight,visão
828,drag,arrastar
829,they'd,eles
830,human,humano
831,truth,verdade
832,share,compartilhar
833,area,área
834,concern,preocupação
835,shouldn't,não deveria
836,team,equipe
837,escape,escapar
838,mumble,resmungar
839,often,muitas vezes
840,search,procurar
841,apparently,aparentemente
842,attempt,tentar
843,son,filho
844,within,dentro de
845,band,banda
846,cute,bonitinho
847,led,liderado
848,memory,memória
849,anger,raiva
850,fly,voar
851,paint,pintar
852,bottle,garrafa
853,busy,ocupado
854,comment,comentário
855,exclaim,exclamar
856,avoid,evitar
857,grow,crescer
858,grey,cinza
859,mirror,espelho
860,gasp,suspiro
861,hallway,corredor
862,dear,querido
863,star,estrela
864,sick,doente
865,cat,gato
866,counter,contador
867,interrupt,interromper
868,none,nenhum
869,blink,piscar
870,spend,gastar
871,usual,normalmente
872,worse,pior
873,locker,armário
874,important,importante
875,favorite,favorito
876,grip,pegada
877,TV,TV
878,ice,gelo
879,pretend,fingir
880,settle,resolver
881,amaze,surpreender
882,pop,pop
883,disappear,desaparecer
884,carefully,com cuidado
885,train,trem
886,stick,grudar
887,guard,guarda
888,teeth,dentes
889,flash,clarão
890,uncle,tio
891,send,enviar
892,doubt,dúvida
893,visit,visita
894,nervous,nervoso
895,excite,excitar
896,approach,abordagem
897,excuse,desculpa
898,fit,ajustar
899,noise,barulho
900,study,estudar
901,letter,carta
902,police,polícia
903,eventually,eventualmente
904,burn,queimar
905,field,campo
906,hospital,hospital
907,tie,gravata
908,summer,verão
909,huh,huh
910,shift,mudança
911,self,auto
912,hurry,pressa
913,greet,saudar
914,wife,esposa
915,position,posição
916,we've,nós temos
917,wipe,limpar
918,heavy,pesado
919,slam,golpe
920,broken,quebrado
921,complete,completo
922,space,espaço
923,brain,cérebro
924,tiny,pequeno
925,pants,calça
926,ah,ah
927,punch,soco
928,shower,banho
929,tongue,língua
930,afternoon,tarde
931,seriously,seriamente
932,cup,xícara
933,further,avançar
934,race,corrida
935,recognize,reconhecer
936,computer,computador
937,rang,tocou
938,safe,seguro
939,jacket,jaqueta
940,bottom,fundo
941,hundred,centenas
942,relax,relaxar
943,sudden,repentino
944,wow,uau
945,college,faculdade
946,flip,virar
947,mood,humor
948,track,acompanhar
949,crack,rachadura
950,block,bloquear
951,handle,lidar
952,themselves,eles mesmos
953,drove,dirigiu
954,seven,Sete
955,struggle,luta
956,whether,se
957,ahead,à frente
958,sad,triste
